{"cameraMode":{"drawMode":0,"name":"Shaded","section":"Shading Mode"},"sceneLighting":true,"audioPlay":false,"sceneViewState":{"showFog":true,"showMaterialUpdate":false,"showSkybox":false,"showFlares":true,"showImageEffects":true,"showParticleSystems":true},"in2DMode":false,"pivot":{"x":26.568603515625,"y":6.294677734375,"z":19.01025390625},"rotation":{"x":0.16690003871917725,"y":-0.758471667766571,"z":0.21359334886074067,"w":0.5926703810691834},"size":2.050004005432129,"orthographic":true}