{"cameraMode":{"drawMode":0,"name":"Shaded","section":"Shading Mode"},"sceneLighting":false,"audioPlay":false,"sceneViewState":{"showFog":true,"showMaterialUpdate":false,"showSkybox":false,"showFlares":true,"showImageEffects":true,"showParticleSystems":true},"in2DMode":false,"pivot":{"x":0.14200007915496827,"y":0.9504181146621704,"z":0.0},"rotation":{"x":0.09873179346323013,"y":-0.04625584930181503,"z":0.004596746992319822,"w":0.9940306544303894},"size":1.8135583400726319,"orthographic":true}