{"cameraMode":{"drawMode":0,"name":"Shaded","section":"Shading Mode"},"sceneLighting":true,"audioPlay":false,"sceneViewState":{"showFog":true,"showMaterialUpdate":false,"showSkybox":true,"showFlares":true,"showImageEffects":true,"showParticleSystems":true},"in2DMode":false,"pivot":{"x":38.741065979003909,"y":0.15406280755996705,"z":22.928993225097658},"rotation":{"x":0.3519752621650696,"y":-0.5560324788093567,"z":0.28000205755233767,"w":0.698959231376648},"size":25.507789611816408,"orthographic":false}